<?xml version="1.0" encoding="UTF-8"?>
<!-- Generated by eXe - http://exelearning.net -->
<manifest identifier="eXedulo_I_SIG5e393036256a9f656f2c" 
xmlns:xsi="http://www.w3.org/2001/XMLSchema-instance" 
xmlns:adlcp="http://www.adlnet.org/xsd/adlcp_v1p3" 
xmlns:adlseq="http://www.adlnet.org/xsd/adlseq_v1p3" 
xmlns:adlnav="http://www.adlnet.org/xsd/adlnav_v1p3" 
xmlns:imsss="http://www.imsglobal.org/xsd/imsss" 
xmlns:lom="http://ltsc.ieee.org/xsd/LOM" 
xmlns:lomes="http://ltsc.ieee.org/xsd/LOM" 
xmlns="http://www.imsglobal.org/xsd/imscp_v1p1" 
xsi:schemaLocation="http://www.imsglobal.org/xsd/imscp_v1p1 imscp_v1p1.xsd http://ltsc.ieee.org/xsd/LOM lomCustom.xsd http://www.adlnet.org/xsd/adlcp_v1p3 adlcp_v1p3.xsd  http://www.imsglobal.org/xsd/imsss imsss_v1p0.xsd  http://www.adlnet.org/xsd/adlseq_v1p3 adlseq_v1p3.xsd http://www.adlnet.org/xsd/adlnav_v1p3 adlnav_v1p3.xsd"> 
<metadata> 
 <schema>ADL SCORM</schema> 
 <schemaversion>2004 4th Edition</schemaversion> 
 <adlcp:location>imslrm.xml</adlcp:location> 
</metadata> 
<organizations default="eXedulo_I_SIG5e393036256a9f656f2d">  
    <organization identifier="eXedulo_I_SIG5e393036256a9f656f2d" structure="hierarchical">
        <title>Modulo 1: Principios y fundamentos de los SIG</title>
<item identifier="ITEM-eXedulo_I_SIG5e393036256a9f656f2e" isvisible="true">
    <title>Introducción a los SIG y al análisis espacial</title>
<item identifier="ITEM-eXedulo_I_SIG5e393036256a9f656f2f" isvisible="true" identifierref="RES-eXedulo_I_SIG5e393036256a9f656f30">
    <title>Introducción a los SIG y al análisis espacial</title>
</item>
<item identifier="ITEM-eXedulo_I_SIG5e393036256a9f657031" isvisible="true">
    <title>Principios y Fundamentos de los SIG</title>
<item identifier="ITEM-eXedulo_I_SIG5e393036256a9f657032" isvisible="true" identifierref="RES-eXedulo_I_SIG5e393036256a9f657033">
    <title>Principios y Fundamentos de los SIG</title>
</item>
<item identifier="ITEM-eXedulo_I_SIG5e393036256a9f657034" isvisible="true">
    <title>¿Qué es un Sistema de Información Geográfica?</title>
<item identifier="ITEM-eXedulo_I_SIG5e393036256a9f657035" isvisible="true" identifierref="RES-eXedulo_I_SIG5e393036256a9f657036">
    <title>¿Qué es un Sistema de Información Geográfica?</title>
</item>
<item identifier="ITEM-eXedulo_I_SIG5e393036256a9f657037" isvisible="true" identifierref="RES-eXedulo_I_SIG5e393036256a9f657038">
    <title>Componentes</title>
</item>
<item identifier="ITEM-eXedulo_I_SIG5e393036256a9f657139" isvisible="true" identifierref="RES-eXedulo_I_SIG5e393036256a9f65713a">
    <title>Carcaterísticas</title>
</item>
<item identifier="ITEM-eXedulo_I_SIG5e393036256a9f65713b" isvisible="true" identifierref="RES-eXedulo_I_SIG5e393036256a9f65713c">
    <title>¿Qué no es un SIG?</title>
</item>
<item identifier="ITEM-eXedulo_I_SIG5e393036256a9f65713d" isvisible="true" identifierref="RES-eXedulo_I_SIG5e393036256a9f65713e">
    <title>SIG vs CAD</title>
</item>
  <imsss:sequencing>
    <imsss:controlMode choice="true" choiceExit="true" flow="true" forwardOnly="false"/>
  </imsss:sequencing></item>
<item identifier="ITEM-eXedulo_I_SIG5e393036256a9f65723f" isvisible="true">
    <title>Modelos de representación de los datos espaciales en un SIG</title>
<item identifier="ITEM-eXedulo_I_SIG5e393036256a9f657240" isvisible="true" identifierref="RES-eXedulo_I_SIG5e393036256a9f657241">
    <title>Modelos de representación de los datos espaciales en un SIG</title>
</item>
<item identifier="ITEM-eXedulo_I_SIG5e393036256a9f657242" isvisible="true" identifierref="RES-eXedulo_I_SIG5e393036256a9f657243">
    <title>Modelo vectorial</title>
</item>
<item identifier="ITEM-eXedulo_I_SIG5e393036256a9f657344" isvisible="true" identifierref="RES-eXedulo_I_SIG5e393036256a9f657345">
    <title>Modelo vectorial</title>
</item>
<item identifier="ITEM-eXedulo_I_SIG5e393036256a9f657346" isvisible="true" identifierref="RES-eXedulo_I_SIG5e393036256a9f657347">
    <title>Modelo ráster</title>
</item>
<item identifier="ITEM-eXedulo_I_SIG5e393036256a9f657348" isvisible="true" identifierref="RES-eXedulo_I_SIG5e393036256a9f657349">
    <title>Vector vs Ráster</title>
</item>
  <imsss:sequencing>
    <imsss:controlMode choice="true" choiceExit="true" flow="true" forwardOnly="false"/>
  </imsss:sequencing></item>
<item identifier="ITEM-eXedulo_I_SIG5e393036256a9f65744a" isvisible="true">
    <title>Visualización de coberturas</title>
<item identifier="ITEM-eXedulo_I_SIG5e393036256a9f65744b" isvisible="true" identifierref="RES-eXedulo_I_SIG5e393036256a9f65744c">
    <title>Visualización de coberturas</title>
</item>
<item identifier="ITEM-eXedulo_I_SIG5e393036256a9f65744d" isvisible="true" identifierref="RES-eXedulo_I_SIG5e393036256a9f65744e">
    <title>Abriendo coberturas en QGIS</title>
</item>
  <imsss:sequencing>
    <imsss:controlMode choice="true" choiceExit="true" flow="true" forwardOnly="false"/>
  </imsss:sequencing></item>
<item identifier="ITEM-eXedulo_I_SIG5e393036256a9f65744f" isvisible="true">
    <title>Tablas de atributos y bases de datos espaciales</title>
<item identifier="ITEM-eXedulo_I_SIG5e393036256a9f657450" isvisible="true" identifierref="RES-eXedulo_I_SIG5e393036256a9f657451">
    <title>Tablas de atributos y bases de datos espaciales</title>
</item>
<item identifier="ITEM-eXedulo_I_SIG5e393036256a9f657552" isvisible="true" identifierref="RES-eXedulo_I_SIG5e393036256a9f657553">
    <title>Otras bases de datos</title>
</item>
  <imsss:sequencing>
    <imsss:controlMode choice="true" choiceExit="true" flow="true" forwardOnly="false"/>
  </imsss:sequencing></item>
<item identifier="ITEM-eXedulo_I_SIG5e393036256a9f657554" isvisible="true">
    <title>Creación y exportación de capas vectoriales</title>
<item identifier="ITEM-eXedulo_I_SIG5e393036256a9f657555" isvisible="true" identifierref="RES-eXedulo_I_SIG5e393036256a9f657556">
    <title>Creación y exportación de capas vectoriales</title>
</item>
<item identifier="ITEM-eXedulo_I_SIG5e393036256a9f657557" isvisible="true" identifierref="RES-eXedulo_I_SIG5e393036256a9f657558">
    <title>Creación Shapefile</title>
</item>
<item identifier="ITEM-eXedulo_I_SIG5e393036256a9f657659" isvisible="true" identifierref="RES-eXedulo_I_SIG5e393036256a9f65765a">
    <title>Edición tabla de atributos</title>
</item>
  <imsss:sequencing>
    <imsss:controlMode choice="true" choiceExit="true" flow="true" forwardOnly="false"/>
  </imsss:sequencing></item>
  <imsss:sequencing>
    <imsss:controlMode choice="true" choiceExit="true" flow="true" forwardOnly="false"/>
  </imsss:sequencing></item>
<item identifier="ITEM-eXedulo_I_SIG5e393036256a9f65765b" isvisible="true" identifierref="RES-eXedulo_I_SIG5e393036256a9f65765c">
    <title>Síntesis</title>
</item>
  <imsss:sequencing>
    <imsss:controlMode choice="true" choiceExit="true" flow="true" forwardOnly="false"/>
  </imsss:sequencing></item>
  <imsss:sequencing>
    <imsss:controlMode choice="true" choiceExit="true" flow="true" forwardOnly="false"/>
  </imsss:sequencing>  </organization>
</organizations>
<resources>
  <resource identifier="RES-eXedulo_I_SIG5e393036256a9f656f30" type="webcontent" adlcp:scormType="sco" href="index.html"> 
    <file href="index.html"/> 
    <file href="Captura_de_pantalla_de_2020-12-02_10-04-18.png"/>
    <dependency identifierref="COMMON_FILES"/>
  </resource>
  <resource identifier="RES-eXedulo_I_SIG5e393036256a9f657033" type="webcontent" adlcp:scormType="sco" href="principios_y_fundamentos_de_los_sig.html"> 
    <file href="principios_y_fundamentos_de_los_sig.html"/> 
    <dependency identifierref="COMMON_FILES"/>
  </resource>
  <resource identifier="RES-eXedulo_I_SIG5e393036256a9f657036" type="webcontent" adlcp:scormType="sco" href="qu_es_un_sistema_de_informacin_geogrfica.html"> 
    <file href="qu_es_un_sistema_de_informacin_geogrfica.html"/> 
    <dependency identifierref="COMMON_FILES"/>
  </resource>
  <resource identifier="RES-eXedulo_I_SIG5e393036256a9f657038" type="webcontent" adlcp:scormType="sco" href="componentes.html"> 
    <file href="componentes.html"/> 
    <file href="exe_effects.css"/>
    <file href="exe_effects.js"/>
    <dependency identifierref="COMMON_FILES"/>
  </resource>
  <resource identifier="RES-eXedulo_I_SIG5e393036256a9f65713a" type="webcontent" adlcp:scormType="sco" href="carcatersticas.html"> 
    <file href="carcatersticas.html"/> 
    <file href="exe_effects.css"/>
    <file href="exe_effects.js"/>
    <dependency identifierref="COMMON_FILES"/>
  </resource>
  <resource identifier="RES-eXedulo_I_SIG5e393036256a9f65713c" type="webcontent" adlcp:scormType="sco" href="qu_no_es_un_sig.html"> 
    <file href="qu_no_es_un_sig.html"/> 
    <file href="cad.png"/>
    <dependency identifierref="COMMON_FILES"/>
  </resource>
  <resource identifier="RES-eXedulo_I_SIG5e393036256a9f65713e" type="webcontent" adlcp:scormType="sco" href="sig_vs_cad.html"> 
    <file href="sig_vs_cad.html"/> 
    <file href="exe_effects.css"/>
    <file href="exe_effects.js"/>
    <dependency identifierref="COMMON_FILES"/>
  </resource>
  <resource identifier="RES-eXedulo_I_SIG5e393036256a9f657241" type="webcontent" adlcp:scormType="sco" href="modelos_de_representacin_de_los_datos_espaciales_en_un_sig.html"> 
    <file href="modelos_de_representacin_de_los_datos_espaciales_en_un_sig.html"/> 
    <file href="modelo_vectorial_y_raster.png"/>
    <dependency identifierref="COMMON_FILES"/>
  </resource>
  <resource identifier="RES-eXedulo_I_SIG5e393036256a9f657243" type="webcontent" adlcp:scormType="sco" href="modelo_vectorial.html"> 
    <file href="modelo_vectorial.html"/> 
    <file href="imagen.png"/>
    <file href="Captura_de_pantalla_de_2020-12-02_07-59-11.png"/>
    <dependency identifierref="COMMON_FILES"/>
  </resource>
  <resource identifier="RES-eXedulo_I_SIG5e393036256a9f657345" type="webcontent" adlcp:scormType="sco" href="modelo_vectorial0.html"> 
    <file href="modelo_vectorial0.html"/> 
    <file href="SIG_Vectorial.png"/>
    <file href="exe_effects.css"/>
    <file href="exe_effects.js"/>
    <dependency identifierref="COMMON_FILES"/>
  </resource>
  <resource identifier="RES-eXedulo_I_SIG5e393036256a9f657347" type="webcontent" adlcp:scormType="sco" href="modelo_rster.html"> 
    <file href="modelo_rster.html"/> 
    <file href="DEM_TERRASAR.png"/>
    <dependency identifierref="COMMON_FILES"/>
  </resource>
  <resource identifier="RES-eXedulo_I_SIG5e393036256a9f657349" type="webcontent" adlcp:scormType="sco" href="vector_vs_rster.html"> 
    <file href="vector_vs_rster.html"/> 
    <file href="exe_effects.css"/>
    <file href="exe_effects.js"/>
    <dependency identifierref="COMMON_FILES"/>
  </resource>
  <resource identifier="RES-eXedulo_I_SIG5e393036256a9f65744c" type="webcontent" adlcp:scormType="sco" href="visualizacin_de_coberturas.html"> 
    <file href="visualizacin_de_coberturas.html"/> 
    <dependency identifierref="COMMON_FILES"/>
  </resource>
  <resource identifier="RES-eXedulo_I_SIG5e393036256a9f65744e" type="webcontent" adlcp:scormType="sco" href="abriendo_coberturas_en_qgis.html"> 
    <file href="abriendo_coberturas_en_qgis.html"/> 
    <dependency identifierref="COMMON_FILES"/>
  </resource>
  <resource identifier="RES-eXedulo_I_SIG5e393036256a9f657451" type="webcontent" adlcp:scormType="sco" href="tablas_de_atributos_y_bases_de_datos_espaciales.html"> 
    <file href="tablas_de_atributos_y_bases_de_datos_espaciales.html"/> 
    <file href="Captura_de_pantalla_de_2020-12-02_09-30-32.png"/>
    <dependency identifierref="COMMON_FILES"/>
  </resource>
  <resource identifier="RES-eXedulo_I_SIG5e393036256a9f657553" type="webcontent" adlcp:scormType="sco" href="otras_bases_de_datos.html"> 
    <file href="otras_bases_de_datos.html"/> 
    <dependency identifierref="COMMON_FILES"/>
  </resource>
  <resource identifier="RES-eXedulo_I_SIG5e393036256a9f657556" type="webcontent" adlcp:scormType="sco" href="creacin_y_exportacin_de_capas_vectoriales.html"> 
    <file href="creacin_y_exportacin_de_capas_vectoriales.html"/> 
    <dependency identifierref="COMMON_FILES"/>
  </resource>
  <resource identifier="RES-eXedulo_I_SIG5e393036256a9f657558" type="webcontent" adlcp:scormType="sco" href="creacin_shapefile.html"> 
    <file href="creacin_shapefile.html"/> 
    <dependency identifierref="COMMON_FILES"/>
  </resource>
  <resource identifier="RES-eXedulo_I_SIG5e393036256a9f65765a" type="webcontent" adlcp:scormType="sco" href="edicin_tabla_de_atributos.html"> 
    <file href="edicin_tabla_de_atributos.html"/> 
    <dependency identifierref="COMMON_FILES"/>
  </resource>
  <resource identifier="RES-eXedulo_I_SIG5e393036256a9f65765c" type="webcontent" adlcp:scormType="sco" href="sntesis.html"> 
    <file href="sntesis.html"/> 
    <dependency identifierref="COMMON_FILES"/>
  </resource>
  <resource identifier="COMMON_FILES" type="webcontent" adlcp:scormType="asset">
    <file href="config.xml"/>
    <file href="content.css"/>
    <file href="EncodeSans-Light_latin-ext.woff2"/>
    <file href="EncodeSans-Light_latin.woff2"/>
    <file href="EncodeSans-Light_vietnamese.woff2"/>
    <file href="icon_account.png"/>
    <file href="icon_account_black.png"/>
    <file href="icon_account_white.png"/>
    <file href="icon_alarm.png"/>
    <file href="icon_alarm_black.png"/>
    <file href="icon_alarm_white.png"/>
    <file href="icon_announcement.png"/>
    <file href="icon_announcement_black.png"/>
    <file href="icon_announcement_white.png"/>
    <file href="icon_assessment.png"/>
    <file href="icon_assessment_black.png"/>
    <file href="icon_assessment_white.png"/>
    <file href="icon_assignment.png"/>
    <file href="icon_assignment_black.png"/>
    <file href="icon_assignment_list.png"/>
    <file href="icon_assignment_list_black.png"/>
    <file href="icon_assignment_list_white.png"/>
    <file href="icon_assignment_white.png"/>
    <file href="icon_backup.png"/>
    <file href="icon_backup_black.png"/>
    <file href="icon_backup_white.png"/>
    <file href="icon_camera.png"/>
    <file href="icon_camera_black.png"/>
    <file href="icon_camera_white.png"/>
    <file href="icon_description.png"/>
    <file href="icon_description_black.png"/>
    <file href="icon_description_white.png"/>
    <file href="icon_download.png"/>
    <file href="icon_download_black.png"/>
    <file href="icon_download_white.png"/>
    <file href="icon_event.png"/>
    <file href="icon_event_black.png"/>
    <file href="icon_event_white.png"/>
    <file href="icon_exit.png"/>
    <file href="icon_exit_black.png"/>
    <file href="icon_exit_white.png"/>
    <file href="icon_explore.png"/>
    <file href="icon_explore_black.png"/>
    <file href="icon_explore_white.png"/>
    <file href="icon_info.png"/>
    <file href="icon_info_black.png"/>
    <file href="icon_info_white.png"/>
    <file href="icon_media.png"/>
    <file href="icon_media_black.png"/>
    <file href="icon_media_white.png"/>
    <file href="icon_note.png"/>
    <file href="icon_note_black.png"/>
    <file href="icon_note_white.png"/>
    <file href="icon_puzzle.png"/>
    <file href="icon_puzzle_black.png"/>
    <file href="icon_puzzle_white.png"/>
    <file href="icon_question.png"/>
    <file href="icon_question_black.png"/>
    <file href="icon_question_white.png"/>
    <file href="icon_renew.png"/>
    <file href="icon_renew_black.png"/>
    <file href="icon_renew_white.png"/>
    <file href="icon_search.png"/>
    <file href="icon_search_black.png"/>
    <file href="icon_search_white.png"/>
    <file href="icon_star.png"/>
    <file href="icon_star_black.png"/>
    <file href="icon_star_white.png"/>
    <file href="icon_unread.png"/>
    <file href="icon_unread_black.png"/>
    <file href="icon_unread_white.png"/>
    <file href="icon_wifi.png"/>
    <file href="icon_wifi_black.png"/>
    <file href="icon_wifi_white.png"/>
    <file href="nav.css"/>
    <file href="_style_icons.png"/>
    <file href="_style_icons_black.png"/>
    <file href="_style_icons_white.png"/>
    <file href="_style_input_checkbox.png"/>
    <file href="_style_input_radio.png"/>
    <file href="_style_js.js"/>
    <file href="_style_licenses.png"/>
    <file href="base.css"/>
    <file href="popup_bg.gif"/>
    <file href="SCORM_API_wrapper.js"/>
    <file href="SCOFunctions.js"/>
    <file href="common.js"/>
    <file href="common_i18n.js"/>
    <file href="exe_jquery.js"/>
  </resource>
</resources>
</manifest>
